{
  "generated_rows": 240,
  "complete_cases": 222,
  "missing_outcomes": 18,
  "treated_complete": 123,
  "control_complete": 99,
  "primary_model": {
    "n": 222,
    "p": 8,
    "df": 214,
    "r_squared": 0.884775704178167,
    "rmse": 1.5327014634249967,
    "terms": {
      "intercept": {
        "estimate": 24.6498496202068,
        "se": 5.143939213672448,
        "ci_low": 14.510573127414897,
        "ci_high": 34.7891261129987,
        "p_value": 3.0857064186040617e-06
      },
      "treatment": {
        "estimate": -5.053125081413996,
        "se": 0.2089372551689646,
        "ci_low": -5.464963657222261,
        "ci_high": -4.6412865056057315,
        "p_value": 0.0
      },
      "baseline_score": {
        "estimate": 0.4753592088860598,
        "se": 0.061846137263490884,
        "ci_low": 0.35345359148316624,
        "ci_high": 0.5972648262889534,
        "p_value": 5.413447468072263e-13
      },
      "age": {
        "estimate": 0.0961851231100409,
        "se": 0.016619956394090626,
        "ci_low": 0.06342533995981954,
        "ci_high": 0.12894490626026228,
        "p_value": 2.5207070653010533e-08
      },
      "sex_male": {
        "estimate": 1.656841995483621,
        "se": 0.35839774101573724,
        "ci_low": 0.9504001734473505,
        "ci_high": 2.363283817519892,
        "p_value": 6.540419747569359e-06
      },
      "site_B": {
        "estimate": 1.2198916149506893,
        "se": 0.26301312123492654,
        "ci_low": 0.7014634907720567,
        "ci_high": 1.738319739129322,
        "p_value": 6.117673657657363e-06
      },
      "site_C": {
        "estimate": 1.319669493505885,
        "se": 0.4051937336424401,
        "ci_low": 0.520987563589715,
        "ci_high": 2.1183514234220553,
        "p_value": 0.001309753179509432
      },
      "crp_baseline": {
        "estimate": 1.7029039478431027,
        "se": 0.4196548307775024,
        "ci_low": 0.875717586565887,
        "ci_high": 2.530090309120318,
        "p_value": 6.941495129542119e-05
      }
    }
  },
  "interaction_model": {
    "n": 222,
    "p": 9,
    "df": 213,
    "r_squared": 0.8801772254721306,
    "rmse": 1.5666511847830846,
    "terms": {
      "intercept": {
        "estimate": 42.862896446417594,
        "se": 3.264568638549855,
        "ci_low": 36.42789664449113,
        "ci_high": 49.29789624834406,
        "p_value": 0.0
      },
      "treatment": {
        "estimate": -4.241193465749004,
        "se": 0.36354620424781786,
        "ci_low": -4.957802614259667,
        "ci_high": -3.5245843172383404,
        "p_value": 0.0
      },
      "high_crp": {
        "estimate": 0.7125696178554226,
        "se": 0.40831325251434464,
        "ci_low": -0.09228271945702327,
        "ci_high": 1.5174219551678685,
        "p_value": 0.08240014927792338
      },
      "treatment_high_crp": {
        "estimate": -1.2345817966821888,
        "se": 0.4485719293923327,
        "ci_low": -2.1187905839330723,
        "ci_high": -0.35037300943130534,
        "p_value": 0.006429187653733459
      },
      "baseline_score": {
        "estimate": 0.28345624691445714,
        "se": 0.0572758422211582,
        "ci_low": 0.1705561752186002,
        "ci_high": 0.39635631861031406,
        "p_value": 1.514351467335473e-06
      },
      "age": {
        "estimate": 0.14402007492233035,
        "se": 0.015807903639738368,
        "ci_low": 0.11286010616278985,
        "ci_high": 0.17518004368187085,
        "p_value": 0.0
      },
      "sex_male": {
        "estimate": 2.668366240184604,
        "se": 0.3310865029215326,
        "ci_low": 2.015740482661248,
        "ci_high": 3.32099199770796,
        "p_value": 5.440092820663267e-14
      },
      "site_B": {
        "estimate": 1.4184098097140239,
        "se": 0.265138324560948,
        "ci_low": 0.8957787196871628,
        "ci_high": 1.941040899740885,
        "p_value": 2.2671066890467273e-07
      },
      "site_C": {
        "estimate": 2.517177096213186,
        "se": 0.3331349715143919,
        "ci_low": 1.8605134713790794,
        "ci_high": 3.1738407210472928,
        "p_value": 1.212363542890671e-12
      }
    }
  }
}
